{
	"schemaVersion": 1,
	"id": "cryonix-scanner-gun",
	"version": "${version}",
	"name": "Cryonix-Scanner-Gun",
	"description": "This is an example description! Tell everyone what your mod is about!",
	"authors": [
		"Me!"
	],
	"contact": {
		"homepage": "https://fabricmc.net/",
		"sources": "https://github.com/FabricMC/fabric-example-mod"
	},
	"license": "CC0-1.0",
	"icon": "assets/cryonix/icon.png",
	"environment": "*",
	"entrypoints": {
		"main": [
			"com.elthisboy.cryonix.Cryonix"
		],
		"client": [
			"com.elthisboy.cryonix.CryonixClient"
		],
		"fabric-datagen": [
			"com.elthisboy.cryonix.CryonixDataGenerator"
		]
	},
	"mixins": [
		"cryonix.mixins.json",
		{
			"config": "cryonix.client.mixins.json",
			"environment": "client"
		}
	],
	"depends": {
		"fabricloader": ">=0.17.2",
		"minecraft": "~1.21.1",
		"java": ">=21",
		"fabric-api": "*"
	},
	"suggests": {
		"another-mod": "*"
	}
}